dataset,scene_name,num_views,total_score,8attr_mean_score,composition_design,visual_elements_structure,technical_execution,originality_creativity,theme_communication,emotion_viewer_response,overall_gestalt,comprehensive_evaluation
bilarf,building,75,0.492645,0.578250,0.650000,0.650000,0.650000,0.430000,0.602444,0.515556,0.522667,0.605333
bilarf,chinesearch,44,0.539410,0.662366,0.692500,0.690000,0.717500,0.621429,0.672143,0.632143,0.629643,0.643571
bilarf,lionpavilion,93,0.601725,0.749101,0.823684,0.844737,0.825439,0.650000,0.750000,0.650000,0.720000,0.728947
bilarf,nighttimepond,34,0.538135,0.624148,0.669091,0.665455,0.693182,0.594091,0.607273,0.579091,0.574091,0.610909
bilarf,pondbike,46,0.547551,0.677054,0.709286,0.715000,0.731786,0.650000,0.655000,0.650000,0.638214,0.667143
bilarf,statue,36,0.662105,0.767330,0.813636,0.783636,0.840909,0.686364,0.836364,0.691364,0.730455,0.755909
bilarf,strat,20,0.457815,0.535208,0.583333,0.615833,0.633333,0.558333,0.490833,0.435000,0.462500,0.502500
dl3dv,04cdb21b721d0e9c,2,0.659204,0.825000,0.850000,0.850000,0.850000,0.750000,0.850000,0.750000,0.850000,0.850000
dl3dv,051242bdbade2136,14,0.524872,0.639125,0.720000,0.720000,0.820000,0.470000,0.690000,0.510000,0.566000,0.617000
dl3dv,970a5c674c27b504d592d0a70c496d0e35ab0dc76802fb6e1bf336a4c1fe150a,324,0.416878,0.505000,0.585714,0.622755,0.612755,0.437296,0.474541,0.420000,0.422908,0.464031
dl3dv,971fb09235c6575e9065b968185a44af5b50b7abaaca1b12bfdc81eec19e19b1,337,0.518229,0.640259,0.691182,0.687685,0.730493,0.650000,0.657882,0.484975,0.581626,0.638227
dl3dv,9725175383bd86faf7a20f73b65fd2b98e52bcda91b3d8db1c02251d2189f638,352,0.360111,0.370112,0.424717,0.461509,0.439340,0.245566,0.348821,0.353585,0.325283,0.362075
dl3dv,974351135002192682b490554b1807f5e201539d6f97cdc7fbce80ef39d27990,333,0.261371,0.269863,0.295323,0.316020,0.383383,0.230000,0.232985,0.230000,0.233582,0.237612
dl3dv,976447ba2e97db48db6c5245f6d8d95e38fe5ea06e9a56e292b5cb6f50960b00,314,0.399103,0.443559,0.493579,0.514368,0.601105,0.380158,0.471000,0.291526,0.364211,0.432526
dl3dv,9768df683fa3ee444847b68663c3d5a29b76b65c0ff3c554fa39086c1d9b595a,350,0.285495,0.295381,0.355190,0.370000,0.431857,0.216286,0.230000,0.230000,0.241952,0.287762
dl3dv,9779c77917d6990177bd796c72f59d2a66018a2403406f2c0d9f0edb4e1bc098,320,0.257795,0.255638,0.281250,0.320417,0.289323,0.230000,0.231823,0.230000,0.230000,0.232292
dl3dv,97a1e65b847e184b2cb115e38e03b46eae43f30e2b217a60a4ab8ed260c49a4d,421,0.356265,0.396067,0.438893,0.453439,0.546047,0.254190,0.406285,0.300079,0.366957,0.402648
dl3dv,97a61765a05baff1891ef1c8adb3e7e85231d7992668f9cc2e5cf01f480aa7c4,321,0.341619,0.362312,0.423441,0.429839,0.532796,0.250323,0.305968,0.269194,0.309731,0.377204
dl3dv,97b769bc525dbc210bbe7a9bb9135ce8a6c87420d56df63649d6f53a031bc833,421,0.483855,0.546383,0.622885,0.630119,0.654506,0.427431,0.552372,0.436838,0.495375,0.551542
dl3dv,97bb03ed2c298ff269bbd3d1749b6b4887891b0d39a38850f926fde2be225c1b,360,0.410701,0.482977,0.539767,0.545674,0.559070,0.421442,0.487209,0.425302,0.426837,0.458512
dl3dv,97c7586ee4b3c471eb6bb3edb981247f04b69eee84e019a7a21e4fd8de1eb906,403,0.256290,0.245314,0.243539,0.270123,0.330206,0.198560,0.230000,0.230000,0.230000,0.230082
dl3dv,97c8843407a4fef145a55bbec993537718791b470dd637c5c178383e1c184048,316,0.292337,0.293329,0.358000,0.368316,0.481684,0.196316,0.230000,0.230000,0.234158,0.248158
dl3dv,97cb739ab732aba61332c4a710605a16cf2eefcb3f9986067b26cc40db373737,317,0.210954,0.190851,0.220838,0.234869,0.237173,0.141152,0.168115,0.170157,0.154764,0.199738
dl3dv,97ebd5b6577508f065687fb12ca2cc658bea32413484e61370f51fb7810ff2ae,306,0.265051,0.286182,0.323587,0.340815,0.422120,0.233424,0.240543,0.230000,0.234076,0.264891
dl3dv,97ee9468243c6abd6be8758eea3252b5535baf0b49b38bd4b6868a23b7415725,341,0.320089,0.352427,0.430244,0.427610,0.513463,0.226098,0.291171,0.257268,0.310878,0.362683
dl3dv,980280f0fbc1a01a3e277724d8f06509d0ab95485a9d93d03e0500aa00d07fcc,349,0.248950,0.240166,0.251754,0.266919,0.269289,0.223365,0.231848,0.230000,0.215877,0.232275
dl3dv,983e2f92b3810444651f4e5a5225c080fb581161facee3a212e79da3e084ba83,314,0.370981,0.411618,0.452000,0.479526,0.515211,0.279263,0.403526,0.373684,0.372789,0.416947
dl3dv,985cf3624c18bf24ea53f2066df172d223782d3635a724e4990254ff7eeffaed,406,0.374743,0.412879,0.453811,0.444713,0.526189,0.273484,0.443484,0.384590,0.370082,0.406680
dl3dv,9867fbee9dda9976003c34f3684b9d7082bc3b25b9a4de7ae434236a29ad9adf,369,0.373715,0.407517,0.460224,0.480897,0.572018,0.255605,0.385067,0.309731,0.378251,0.418341
dl3dv,9878106ffd83398c264a308b8346652a99397cc9c2c59e48899b430088144622,385,0.384277,0.450693,0.483160,0.500390,0.494719,0.444199,0.461818,0.416753,0.382381,0.422121
dl3dv,987df029ec0c71aeb60905e68c19df48193cbafb6b6901af997091c73e0454dd,339,0.268484,0.280293,0.309171,0.323268,0.348293,0.251073,0.256293,0.248439,0.237317,0.268488
dl3dv,98c2ce3e5c6022add60b8d645487679564dda24339892a95f14b59c087b0f747,336,0.380900,0.453818,0.498614,0.517624,0.576040,0.380594,0.470545,0.355396,0.401683,0.430050
dl3dv,98cc387c8c91ac662ebd88de3c2ad1e48ec6740c8dab581162f41e3cf452400a,340,0.316917,0.312108,0.387304,0.398137,0.437745,0.226471,0.242696,0.230000,0.264902,0.309608
dl3dv,98e31af3b7260f88e29e85c4d1f04b2287b40576f69d28627342c0aec2db97a1,333,0.264307,0.255255,0.278358,0.311244,0.380050,0.152388,0.230000,0.230000,0.230000,0.230000
dl3dv,98eb9a222c0280eaf8619e3fba32c0e5daf8da211ca86d4eb15c9464bc9a63fc,413,0.492108,0.547851,0.614578,0.617108,0.634337,0.491004,0.586466,0.456225,0.469598,0.513494
dl3dv,98f8220e7d2a2addbacaf26d3b005764e0510ae730ac11182c6e4de15a7e02e4,345,0.286533,0.324801,0.381594,0.406473,0.343623,0.240435,0.301353,0.344686,0.270531,0.309710
dl3dv,98ff6a357347abc294c12a34f15a79a3a1996e9f9de76173de37702d111e8138,337,0.487888,0.597217,0.650000,0.656897,0.650000,0.450000,0.635714,0.605172,0.548177,0.581773
dl3dv,99121809c22f32d67d591e5b0c0cf8d6e5db4f9d7a8cc7aad2ccfbbfca62d7b9,396,0.263869,0.244496,0.253235,0.278487,0.318782,0.193319,0.227857,0.228992,0.221429,0.233866
dl3dv,9921e9d5dade9ece5abc91c27eb487a2ea5b3924f299278eeab972193d4799c5,388,0.286409,0.286768,0.332009,0.361068,0.412991,0.208803,0.231111,0.230000,0.241282,0.276880
dl3dv,992b77e6bbbba6b54b795ee7a9ec710c1f12ed7a2e8163cf60207d791a6ab3b6,338,0.408200,0.472451,0.566225,0.582353,0.595000,0.309314,0.455980,0.382255,0.420833,0.467647
dl3dv,992fd7cf41ecb7969b51f68fa137142ed17051a2fcfb91ec0f761aa5a4bb0faa,325,0.266063,0.249994,0.243571,0.275102,0.410663,0.158980,0.230000,0.223265,0.228367,0.230000
dl3dv,9937f80f08a339ebf05fdb14704fdb6c59abf70ba6457b46c63afac6ae21f783,403,0.266059,0.248004,0.235761,0.269630,0.329959,0.228683,0.230000,0.230000,0.230000,0.230000
dl3dv,9965b1c0d0b53869744f8d6cfb82e2236df4a5000767da2c54f1e9a82e45c585,319,0.339664,0.351975,0.410674,0.406062,0.474508,0.244922,0.380207,0.242591,0.299482,0.357358
dl3dv,996e46c8b2ee2c0cae0693eba6b08d111c0825c224c425bfea24f6b625ada7a0,303,0.336155,0.367771,0.419000,0.434000,0.483056,0.242000,0.366500,0.291500,0.319167,0.386944
dl3dv,997b55d79f11b7b6138d1be266d55cfff5a2961f02a122eab1fe5828316a8907,314,0.334087,0.351816,0.406526,0.445632,0.403737,0.282789,0.320211,0.273158,0.321053,0.361421
dl3dv,999157553e69b0f3ae226fe464cecd4d4bad6bcea3df1a44628295fb12ab76f7,335,0.599081,0.762463,0.840547,0.817164,0.835572,0.731592,0.762935,0.647512,0.719303,0.745075
dl3dv,999bccb1149851b1cf0409404323608655531cffa05ea17a31dc854e01b10fe0,388,0.333745,0.357521,0.403462,0.405726,0.449957,0.276282,0.363846,0.289316,0.318333,0.353248
dl3dv,99af1ed494a8f585eefaec44b5a3cc1b88a166aa843999297be7559f5306d0bf,348,0.434392,0.518155,0.612381,0.622095,0.662143,0.426048,0.481667,0.394429,0.446000,0.500476
dl3dv,99e3a4068de263e1bae0c1e294d322e469f7a6e4af16b2397d2c3f9f6bb63506,387,0.320522,0.366668,0.424249,0.430515,0.463820,0.272489,0.351459,0.294506,0.316738,0.379571
dl3dv,9a0cf0ed740f0bb01f721ff302de3b0b0e42c12cdf7fe4e62399bd88dd22ec61,350,0.496420,0.584500,0.651667,0.650000,0.692810,0.422571,0.601429,0.461429,0.585571,0.610524
dl3dv,9a1568f467031652368ff3607318a087d6ed29c201b8f7eb67b60e4c017b493f,307,0.309221,0.324507,0.420000,0.420000,0.421946,0.230000,0.309189,0.230000,0.254865,0.310054
dl3dv,9a16b921d4412a0278176be96cb526532734a469e5eb627cd33c51dcd26c3df8,327,0.352500,0.425673,0.463299,0.494010,0.631574,0.245533,0.444670,0.320000,0.385228,0.421066
dl3dv,9a7ca7a8a88fe13344de03c1530c00694fb357c0c39ed17bf6fada778700e5cd,322,0.306051,0.326418,0.382990,0.403505,0.410773,0.290825,0.268814,0.257835,0.272887,0.323711
dl3dv,9a8b16dee20fcf1d717e7477be947792ca5d8c00babf32c9f19e51ce0cb86834,328,0.282322,0.270713,0.281970,0.303283,0.448384,0.212071,0.230000,0.230000,0.230000,0.230000
dl3dv,9a9d9ad74705265cee75c018beac4ed1c144ae1debf082dc558b3353306eb732,356,0.507982,0.646338,0.697850,0.707897,0.695981,0.557196,0.664673,0.555234,0.624439,0.667430
dl3dv,9aaa19b7b5382820caa99bab3292c2cbc9030bdfbb500ee4773a5d1adc307770,313,0.358903,0.389087,0.433016,0.446878,0.454127,0.262857,0.424339,0.324762,0.352381,0.414339
dl3dv,9aae8ae4d5ad1d1fe1a568cd7fc26dcfc9c4997ca4d9ce5d01dac0da882629d7,320,0.300142,0.293509,0.298073,0.341146,0.395729,0.359479,0.252083,0.230000,0.230000,0.241563
dl3dv,9abd688c45eec10b33202851ac8cb602f7980aa88ef3455eb10f83ad93d8e815,303,0.362882,0.391400,0.444863,0.475683,0.536503,0.282186,0.360710,0.306448,0.348415,0.376393
dl3dv,9ae82cb27e35a9dbb807483d563d6fdb743390efced6be250d73123f3e58fae8,405,0.508631,0.566260,0.629300,0.627449,0.673786,0.519794,0.577737,0.447160,0.498683,0.556173
dl3dv,9aecb53581ecf1e7eda93a6e904c236e9398673d0ec461fa43faee019456e4d4,301,0.299794,0.275946,0.279890,0.337348,0.403646,0.244088,0.234696,0.230000,0.230497,0.247403
dl3dv,9b1cebefd05a3b47458f405bf5831dc64f90da06daac2ba3ec8a012f54f094f4,323,0.510837,0.607628,0.658051,0.664821,0.722923,0.441026,0.637897,0.535795,0.587128,0.613385
dl3dv,9b2252c86eff0d458391e40761c24cdeabd532561fbb211687cde1469252f52e,304,0.387509,0.399755,0.459076,0.458967,0.526250,0.257011,0.367935,0.342337,0.371467,0.415000
dl3dv,9b31aaf5a9e4da1ac28b53a22029a5e0ffae7fdd867a8c671c5f565bac5d4346,315,0.326190,0.335119,0.412169,0.427619,0.482063,0.255079,0.267460,0.230000,0.260741,0.345820
dl3dv,9b3bb8bd9118cccbdb50b217cc70d0eea57a31c10730453ab5ed996cc8b14285,341,0.363553,0.454366,0.517024,0.532732,0.523220,0.365268,0.448683,0.399561,0.415512,0.432927
dl3dv,9b4a2c06f68f286bfb6e51e10db3be4761d1bdb40d6bffaec5d151147553786b,410,0.252628,0.231753,0.230000,0.251423,0.278455,0.202642,0.222195,0.219756,0.219553,0.230000
dl3dv,9b59e0b94f4eeae827ad413b38d3cf9af0cc6f4b322ac3f61863d84ea19bcc8f,347,0.332499,0.361417,0.418373,0.426890,0.472344,0.230000,0.343349,0.276077,0.337177,0.387129
dl3dv,9b62a777338123994375083b9d48b2cf704801ac61fd42635b44999af79cf537,364,0.350037,0.427074,0.451091,0.457727,0.440818,0.381818,0.438409,0.420000,0.404273,0.422455
dl3dv,9b62ee3f52f362039601de514dade5956a3b5276199f6496e9f909e5d5cf188f,336,0.384908,0.449728,0.482673,0.521040,0.606287,0.414109,0.425446,0.335000,0.388168,0.425099
dl3dv,9b9050cb9ee1054e5d04d07297c29394dd12a67b32555e80aca8d14a69decb5c,323,0.418402,0.459917,0.549487,0.597179,0.563385,0.296308,0.431846,0.389744,0.420000,0.431385
dl3dv,9b9df4b397b899fb75c26beeea4633c3581d32914dc5df55e6a2c72ea8146ece,321,0.393492,0.444022,0.473990,0.532539,0.626166,0.306010,0.409896,0.358912,0.403212,0.441451
dl3dv,9ba50e63bcd036100552ca389b8733b479b29715b2b7f452c0cfe0e22dc54546,364,0.332237,0.362148,0.424227,0.420000,0.514000,0.230000,0.336636,0.274591,0.320000,0.377727
dl3dv,9baf95572a945a9b447ec7caf2b6654f231813895cac47107a506113796ddd94,321,0.299768,0.259495,0.291606,0.307461,0.394197,0.162642,0.230052,0.230000,0.230000,0.230000
dl3dv,9bc417f83d2d1ee01dc5ef0b12dfc9be5ad6f62b500b5399d758cda43d7e4484,323,0.339014,0.388865,0.427641,0.446564,0.493436,0.280308,0.398615,0.315590,0.342974,0.405795
dl3dv,9bee0a9c787d617ee0ad16fdaf88dcc445bf0041e0599e4f4f6e55f8699a1219,314,0.436332,0.521322,0.580316,0.593421,0.631842,0.395526,0.534842,0.428737,0.478526,0.527368
dl3dv,9c141498c817249315734c6fbe9c3d598cd122cfe677cd98ff8469e76153a748,411,0.300077,0.305612,0.380364,0.397652,0.425101,0.224170,0.239919,0.230000,0.257045,0.290648
dl3dv,9c1be42eb11f7fbd9f233c29ea52718fcce3a3a8e8c8ee44a292b273cc81d5e5,351,0.416977,0.488750,0.568009,0.582275,0.572085,0.392180,0.509810,0.393934,0.427678,0.464028
dl3dv,9c6612f2344468233191f853096d99b8aadaded4778d520141b15dfbaa6236a1,312,0.345412,0.365073,0.433085,0.423830,0.560106,0.227766,0.393298,0.230000,0.300053,0.352447
dl3dv,9c8c0e0fadd97abf60088f667eba058ef077a71a8c0f5a4eff2782aa97f1ceb8,399,0.370815,0.393926,0.428340,0.461120,0.458340,0.250539,0.397469,0.377676,0.357925,0.420000
dl3dv,9cc6ad4a9e4e6b1e7e4118af53d99c98dbe58893075e81412aee4041121f9a16,328,0.586812,0.704356,0.758586,0.754747,0.798485,0.709091,0.720202,0.577778,0.630808,0.685152
dl3dv,9cd0d977bcfd4c134793fce751eb71b80fabf63064642c0ffc8e6d01bae98095,342,0.321122,0.306365,0.381262,0.390680,0.442282,0.230000,0.266359,0.230000,0.233981,0.276359
dl3dv,9cd1493527b5a9eae415fe1649828c014c6f40ab1f480315ea0239a3d0b765e9,328,0.347328,0.375625,0.419697,0.438687,0.476465,0.270000,0.340707,0.321212,0.347374,0.390859
dl3dv,9d19e3bebc99c459997aab0306f03e9d3ac9ba8528edb25b2ac8f0694e604e82,349,0.500869,0.561481,0.648436,0.648863,0.677725,0.531517,0.569289,0.427536,0.465024,0.523460
dl3dv,9d323754bcbb4f036f5611eb760462542c3ef0527ec8d4a808adf691b0c53ea0,365,0.326335,0.313151,0.338447,0.363288,0.446256,0.298356,0.265571,0.236575,0.264429,0.292283
dl3dv,9d44d654aa3af6ddeb22edf952455626478c3851fbfbdedc63adcea0f8bea44c,303,0.453868,0.533163,0.583333,0.603770,0.646940,0.527596,0.543716,0.431639,0.440328,0.487978
dl3dv,9d4e6ce5dc227f7f2eff88b7ecca48191191e9ecc974a933110dcbe7eaf31a5e,388,0.329989,0.350134,0.397821,0.398205,0.440214,0.272906,0.353248,0.283248,0.309658,0.345769
dl3dv,9d54ee2753b0e45a3f455a7711bf855687c5d6dccfef463247f613f82192c789,402,0.255371,0.239375,0.230000,0.258926,0.299587,0.206488,0.230000,0.230000,0.230000,0.230000
dl3dv,9d7624e2feaf1d77a7471f4a68b59362e1c35552aaf554a163c3ad23a804d7c2,418,0.356338,0.383953,0.443492,0.460873,0.514841,0.268214,0.359008,0.283571,0.347540,0.394087
dl3dv,9ddc3b01af8b13600fa8f4c3fd9d37d6deb25a84a773545d2c8b3d68ec50590a,321,0.277198,0.294994,0.337461,0.370000,0.384767,0.220052,0.257202,0.249585,0.254663,0.286218
dl3dv,9df1d33910dfbee80c4b33f29f1f1a086590c7278369dd6e3a42b1d2fbdf25c0,330,0.208479,0.205215,0.223586,0.235657,0.282879,0.144242,0.185758,0.176111,0.178939,0.214545
dl3dv,9df3f288593781fb48d3a9c18c009e606ee33d0deef908fe27802147f3abb8f5,368,0.260792,0.231993,0.230000,0.241216,0.291126,0.215000,0.215090,0.225946,0.207568,0.230000
dl3dv,9e2361c155818a5a61292eb5042f4a4c7bb8f9b99fd7d513649fd9621d6f93be,305,0.604342,0.774980,0.840710,0.840164,0.841803,0.618852,0.830328,0.690328,0.742295,0.795355
dl3dv,9e45b8f1628703bb3061719df9fff6baa70971c779abe3ebf58fc7130921625d,338,0.317017,0.312776,0.362402,0.385735,0.430784,0.230000,0.297451,0.230000,0.259167,0.306667
dl3dv,9e7a4d73f72909ea688ddc71cfbb8232f18a341544d6aa595dc85df85f5ecc51,318,0.380067,0.388034,0.437083,0.430469,0.470677,0.352760,0.421198,0.310573,0.316719,0.364792
dl3dv,9e80f06da941da47665df0dc6eec969f2ade540798c56a4dec30fbc31c7931d4,318,0.296100,0.293444,0.354375,0.372812,0.431250,0.213750,0.230000,0.230000,0.239271,0.276094
dl3dv,9ea237f774d4c52fbdbe29aabd7614f7ac2e753c80940f2893d226fe95e2f662,346,0.343295,0.365613,0.427019,0.439519,0.494567,0.249471,0.331875,0.276731,0.330721,0.375000
dl3dv,9eb0f6c5d8267dc2cc8a32cde02becfb1a3e18525f84f52e99b3e6c3fbabccb4,301,0.411905,0.482866,0.534530,0.582652,0.578398,0.410055,0.466133,0.420000,0.426961,0.444199
dl3dv,9eb66d4e96f459163ca31858c24036eca15d66658c3903c353c69918703ea891,415,0.297052,0.269649,0.276024,0.329237,0.394177,0.230000,0.230000,0.230000,0.230000,0.237751
dl3dv,9ec95d14450c0bbd622cf2de40c9b9de86c8fe2cac44b5b9e1d8c888f6aabc4f,316,0.292961,0.319671,0.386895,0.408526,0.423842,0.219053,0.285526,0.233789,0.270263,0.329474
dl3dv,9eca31e5ca545f2f9cd9e684bf10dcb67fe212a1be77ec93fa30aebda24a1f4a,357,0.276859,0.283791,0.330372,0.354512,0.430605,0.221814,0.230000,0.230000,0.232233,0.240791
dl3dv,9ee08915db51888b893172412eb13ec688737046a3d75213c8c61160111f29e8,313,0.541545,0.591554,0.664815,0.676561,0.731376,0.504815,0.629788,0.439524,0.487407,0.598148
dl3dv,9ef2d6108f4ac8f3296723cd5b5096186f638a6275681200e3aa30ca9a835cf8,308,0.428433,0.498065,0.546774,0.569731,0.648602,0.398333,0.506828,0.398656,0.434946,0.480645
dl3dv,9efdc6856cfdc73d14b141327876847b93f46bc00c10f652eb09fcef919caf20,393,0.297821,0.339182,0.390380,0.414051,0.449494,0.318565,0.345232,0.230000,0.256160,0.309578
dl3dv,9efeef19130e667f2252ef6bfb1301efbaa492fde9fd8e46c03d0e1f8dc3e775,406,0.366290,0.416993,0.432459,0.472090,0.436885,0.411148,0.405615,0.405861,0.365410,0.406475
dl3dv,9f22411a24af03ae95dc0be0cf796bbba7a84fc4b0cb169a7a4d3b70fde4bbbf,323,0.258608,0.244250,0.249385,0.260103,0.374513,0.150000,0.230000,0.230000,0.230000,0.230000
dl3dv,9f36659117da4b976a832a5eaf8b96350834d87fc4acea73131b178ed17cb644,416,0.374436,0.397850,0.450560,0.443360,0.518560,0.284120,0.413360,0.295520,0.373360,0.403960
dl3dv,9f39447fac7f78397eb81398428da3dbeb0a344981548a7ffb27710155980519,337,0.520597,0.635111,0.693498,0.699212,0.701921,0.450000,0.676601,0.629310,0.601034,0.629310
dl3dv,9f45cbdc44e8f47b81fe81d887a4f0c3b52e8fecaa48a19cea89e673e205886c,306,0.372143,0.408641,0.464348,0.490272,0.471250,0.333207,0.391250,0.328207,0.375598,0.415000
dl3dv,9f53e5bedb61d2d17c3b4397b9af1c91f9a911abf3a09b149ae1f91c0e201579,330,0.403080,0.444135,0.470606,0.503485,0.528788,0.420051,0.430758,0.382626,0.394040,0.422727
dl3dv,9f637d4efc88f6869c940470fa9d8f1bd1e989949c8bdf8e66e331520468cf2a,329,0.286136,0.291621,0.340503,0.349950,0.420201,0.204673,0.288241,0.230000,0.236834,0.262563
dl3dv,9f8cd70bbeb35a544812383b48c0fda05c3f34cdf745f7ad0a9fbe1c3e5ef8d1,332,0.453828,0.536081,0.585100,0.600950,0.608400,0.461550,0.606400,0.478550,0.460850,0.486850
dl3dv,9f9d6b571fde9bfb25a7c18c7b200de240da17a49b5c6e0eca4fbe04b054528d,372,0.330445,0.364615,0.420670,0.420000,0.435000,0.230000,0.428125,0.303527,0.301116,0.378482
dl3dv,9fb0588ff045ec64119c5bc91b44a4b7400e5fae5a17e67762b29e6855b57118,327,0.454156,0.530279,0.623604,0.637208,0.678071,0.396193,0.477411,0.416091,0.481777,0.531878
dl3dv,9fd8592a4de6ce5bf22380b40be1d02c5a61945415bc3ce9344f754cc8bedad0,309,0.332089,0.374559,0.438984,0.453690,0.511070,0.221444,0.378182,0.264171,0.337807,0.391123
dl3dv,a00506bbdd455601fb2519e977588930d3d22389124aaf81f540778e8aca56c8,326,0.356816,0.388399,0.437449,0.445408,0.579490,0.230000,0.369286,0.285102,0.361888,0.398571
dl3dv,a00f4adc15f83b6c982ce811faaa23d3cad273f65142b65d566b1efc57b552a3,346,0.525302,0.626412,0.656394,0.664135,0.707644,0.559135,0.650673,0.535144,0.603269,0.634904
dl3dv,a013c322c3c8faf426affe33b18bbd5e841b6844bf7e72253dc26dfc6fe4f3d2,398,0.258423,0.236417,0.260333,0.282042,0.300333,0.174292,0.220125,0.209792,0.211167,0.233250
dl3dv,a01682b2c3a7207ff327e68172a0e216737bccc7f6abceb25529e6783f319126,327,0.333034,0.371421,0.420457,0.424569,0.464315,0.259695,0.351472,0.320000,0.325381,0.405482
dl3dv,a028032591613bb57523ab5c5160071fab52b6dce0a2bb1fb4f00187f255cfb7,370,0.419904,0.519527,0.616486,0.619414,0.599640,0.421351,0.553919,0.425405,0.441126,0.478874
dl3dv,a03db2f7788e36e54bf1ea5a8f6e289231a17408f0a359d53c2f92958d646925,314,0.303075,0.299336,0.341789,0.368211,0.360053,0.247000,0.313526,0.246579,0.243632,0.273895
dl3dv,a03fe47020ceff96830e6c159b601e876530e861adcd023f9eeb9d61fe3f29cc,326,0.348206,0.417239,0.447398,0.460714,0.461684,0.368163,0.405867,0.397041,0.381122,0.415918
dl3dv,a0cbd6007edf8ab9e3be52bc956be84a40fded6329d41cb598a5b7c926ee516d,302,0.215906,0.195426,0.224505,0.232143,0.233242,0.143516,0.178571,0.177527,0.170055,0.203846
dl3dv,a0f10906e14de4ec9a68a289f00099e0d9088ec97a8e39bb6dd79069423fcf59,329,0.339070,0.413573,0.471414,0.472222,0.462626,0.335505,0.418535,0.368889,0.376313,0.403081
dl3dv,a0fcf863cdeeeca3ee2942cdafe7a6573e31e03bf04f08defbbfbb2684e6e2b0,363,0.489105,0.557021,0.626256,0.630137,0.677534,0.434932,0.573242,0.442557,0.509635,0.561872
dl3dv,a107b6d672607522ee8c883bd1440747ecd8d65efba0b1e9b261445d952d6327,326,0.297742,0.340427,0.400357,0.414898,0.417194,0.239643,0.315816,0.297500,0.287959,0.350051
dl3dv,a141d53dc0f0cf2c1aa2dc9dd3a9ecb132c967e92e1f3af013ce62984ca82cb2,332,0.390283,0.454375,0.497850,0.511000,0.515500,0.399300,0.444150,0.420000,0.420000,0.427200
dl3dv,a1684a04b999e3efe0fbc6acd111b39c4ca00cf39a6d1c251c3ecde60275021c,323,0.443450,0.550045,0.622615,0.634974,0.607436,0.428769,0.598462,0.492564,0.486667,0.528872
dl3dv,a17251eb99cd79a2b213bbf418d45378c04218e00c343ec0079f731ff9fa1418,313,0.416659,0.485357,0.540370,0.545291,0.575450,0.431905,0.481481,0.428889,0.425238,0.454233
dl3dv,a19afa7dae49989433ec996079ad19065814e396630cad9d47a24dcf34e0ed7c,361,0.258540,0.283710,0.336221,0.342212,0.440184,0.200138,0.230000,0.230000,0.235576,0.255346
dl3dv,a1bd500c2cb726492d670ee098c35baaaa7fa15fb6472fbd09be1b53c6cda48e,335,0.346910,0.391549,0.448209,0.440746,0.588557,0.243881,0.354478,0.313284,0.345771,0.397463
dl3dv,a1bde4a423d61449936ce04fa7053cc10c71078646a565178c3cd50ba5e1c8f6,342,0.464741,0.530752,0.611068,0.616699,0.631845,0.429612,0.524854,0.436456,0.475194,0.520291
dl3dv,a1be174f991bd9e47f30c2ff71f0554f258937eba11acf744e5410c1c50fa517,344,0.354766,0.419718,0.453846,0.457067,0.493702,0.327644,0.440337,0.374808,0.389904,0.420433
dl3dv,a1beb1d59bdb4b53c5f8ba47ee2c96d1dbbc06e81ca04aed7487ab09a4f74093,351,0.501002,0.590373,0.658531,0.656066,0.677536,0.543839,0.632417,0.498483,0.491564,0.564550
dl3dv,a1f9293b2e091ca0955345435c9d8cfae9f12e159945e1c3e932998aea3478c1,306,0.266191,0.265394,0.266902,0.315652,0.401359,0.219239,0.230000,0.230000,0.230000,0.230000
dl3dv,a2114ac1ac723af7e6cdd544872f6cac910880f0f494e331270fd2f313712115,302,0.262914,0.260275,0.277802,0.297143,0.393352,0.187363,0.230000,0.230000,0.226758,0.239780
dl3dv,a220f2e66f53a5158a2c34d4c31dabfc5c882b32b6c7433f3c352ba7a66c1440,304,0.371717,0.405788,0.429783,0.426685,0.457283,0.430924,0.437283,0.345000,0.327174,0.392174
dl3dv,a238b8bdb710d120b44b015c482daf4c3d0c3b39961979543227377bf7a544c8,423,0.291666,0.265358,0.267059,0.320157,0.380353,0.230000,0.230000,0.230000,0.230000,0.235294
dl3dv,a23ca8a76d35cd0178505f38ea66601cb5a7bab13becd93b90ac66c66e207e04,328,0.332335,0.344085,0.405657,0.420455,0.411768,0.258485,0.294545,0.357525,0.273737,0.330505
dl3dv,a244f2efa895f8a6f97798980d5b547fbab33349ef9774e789e0f807d87749bf,333,0.358304,0.421654,0.454080,0.478010,0.527662,0.347015,0.420000,0.347960,0.378507,0.420000
dl3dv,a274cdb96e66d412797d44a7c5e33ee07fb84353b0db170b382a50ec0c19855f,378,0.328493,0.294819,0.338333,0.384167,0.417281,0.230000,0.231974,0.230000,0.253728,0.273070
dl3dv,a27f7f1f48f91eb1aef0a1ed11e41da22296235804e28e4f2ef73a7c3c5e226c,407,0.341217,0.344852,0.409673,0.420000,0.420000,0.243224,0.345061,0.280694,0.288449,0.351714
dl3dv,a28110a015369057d6fa69b58311a1d86dc249e8255a5087e0a0dbc7455fe008,320,0.327172,0.362070,0.432969,0.426562,0.553021,0.230000,0.400156,0.249219,0.267969,0.336667
dl3dv,a28d21c588f13e8bf51eb91062d7850052f0ecd748b7ab1ecdc98a2d08dda114,376,0.423476,0.479364,0.528894,0.555664,0.554912,0.488053,0.447389,0.420000,0.420000,0.420000
dl3dv,a28e70414dc911b6a2b6ea3ef10f5fdb24cea34e7dd12c99cb5e2f0ec6e3ef79,317,0.286196,0.275412,0.301257,0.342094,0.405916,0.211152,0.230000,0.230000,0.231309,0.251571
dl3dv,a2b4bd1b66d0d085a13e37bc61838e1b4eaf1b7fcf649503b0349af49f243927,319,0.305357,0.318666,0.367150,0.373472,0.446528,0.230000,0.327876,0.239793,0.255389,0.309119
dl3dv,a2b8bf8ef41de5a38979ff141aa3f36329942802214b8e446782cea16e65f7e2,309,0.355338,0.384492,0.423209,0.431390,0.440749,0.272834,0.398128,0.370267,0.335615,0.403743
dl3dv,a2ebaaf9a08afb5bf11732827a0209690ed7cdee8ece9263f390deef2923bffe,325,0.308603,0.280718,0.306051,0.343333,0.439692,0.210513,0.245795,0.230000,0.230000,0.240359
dl3dv,a2ef07de915f271b18debb19f8a4a523136374b9537f8f5379f9305945add7bc,317,0.334247,0.327003,0.406702,0.440995,0.367801,0.230000,0.292147,0.279424,0.271204,0.327749
dl3dv,a2f6015126a14fc8a4a27d1d4bc58a472eb0c62841e9e6479f262bc3ba840ccb,312,0.297136,0.314282,0.390319,0.416436,0.427979,0.230000,0.241915,0.230000,0.257979,0.319628
dl3dv,a2ff43318ac51b73facd443a7fbbc700cd46a28e9ab0a4c7c118b1146226540c,324,0.267371,0.283960,0.320000,0.353316,0.417857,0.230000,0.232551,0.230000,0.232908,0.255051
dl3dv,a3149af06a70ab8e2d2ab6f73fb5ea734c006fb78354ff74ec30f1deabf72663,382,0.306358,0.352810,0.419087,0.420000,0.421174,0.258957,0.328304,0.309826,0.302435,0.362696
dl3dv,a31705d74cea69ba6d5b3df8a2586f5da81d6dc5672699ecdd2ef550736f7937,404,0.257630,0.230282,0.230000,0.248320,0.286352,0.203975,0.213402,0.221393,0.208811,0.230000
dl3dv,a3172899c70869cf24df34dee93731367e561206161dccef0c1af7e74a1ad688,304,0.415084,0.469851,0.533315,0.541522,0.606848,0.379674,0.447391,0.363424,0.430272,0.456359
dl3dv,a32d90c0426696df921f2428be4c2745e51b296af2c406043fb1924b1bb5480d,308,0.308455,0.291801,0.361237,0.383280,0.429677,0.205430,0.237258,0.230000,0.231935,0.255591
dl3dv,a350f006220bf7909bb1ba5f0853c90ae6ee89a6547ebeeee90e3c265cb4dc59,318,0.371904,0.396973,0.433750,0.462240,0.492448,0.312604,0.386354,0.304323,0.376771,0.407292
dl3dv,a381f9ca8400b9cbd0bb7ab2b999185fae3bbf24ad6c45a0f0728f4f9c2ecb49,331,0.338486,0.344177,0.415528,0.427688,0.496533,0.230000,0.271508,0.254874,0.295980,0.361307
dl3dv,a3ab0c6b42bdeae12ddf4d5b7f892ed484ba458c4474654b79841152d9b666ca,380,0.288537,0.261902,0.263772,0.305702,0.359123,0.235833,0.230000,0.230000,0.230570,0.240219
dl3dv,a3ba932f77b7bab3a7ba9c615d8e9cd5f75336e6675e9775a0e9756c5586caa4,315,0.279119,0.274603,0.288148,0.343016,0.364286,0.214392,0.233386,0.243439,0.243545,0.266614
dl3dv,a401469cb0fa576b93e836a4a6d712394f1a55a0a53a42250286980bd078e669,359,0.365660,0.389821,0.433825,0.426636,0.440553,0.309217,0.421106,0.389908,0.325668,0.371659
dl3dv,a409ed3b071c8a09113d9b46dc669089bea3efb5fa2b57a87f60b278594e0165,307,0.458609,0.533372,0.616486,0.622919,0.630324,0.432811,0.549784,0.456649,0.452973,0.505027
dl3dv,a412e1fe1f52cd3fbee4c8d78adc3dbd7b0e38b28a00c21fe3939ac429e91d25,407,0.274578,0.271408,0.312000,0.356571,0.388776,0.177102,0.230000,0.230000,0.230000,0.246816
dl3dv,a4172332ae0635c0087ab8262f51cbd14cd681786754a7501b327165e6c3ca6c,339,0.257006,0.259329,0.294878,0.320683,0.346976,0.164634,0.230000,0.230000,0.231707,0.255756
dl3dv,a428799d313a0d567eeebec267c95876d21a4b71005a4211a9e293a9a5801e76,327,0.375381,0.428902,0.463046,0.475076,0.524315,0.340000,0.426244,0.384467,0.398071,0.420000
dl3dv,a42b0f542c291cfb51bbddb143d0f4f45237e86876bd942c1b2c0b3e79e6ea83,301,0.266918,0.249896,0.256796,0.330718,0.258343,0.230000,0.230608,0.230000,0.230000,0.232707
dl3dv,a438243be756a343ddd4821354716b2e09038ca453ffd60a041732ca316b8112,325,0.261499,0.230731,0.235897,0.246564,0.323385,0.144923,0.230000,0.219231,0.215846,0.230000
dl3dv,a4404ed52cfed68b49cd32d86a0b91dc63724f17c18d0ab38a1543abac6e4c03,309,0.257404,0.253656,0.271016,0.317326,0.298984,0.206364,0.232086,0.230000,0.229679,0.243797
dl3dv,a443cc175972757d9ca447a7cc4214aa666e6d187282f14680b77742ab5f5bd5,312,0.384141,0.452866,0.480851,0.513777,0.650000,0.333245,0.450000,0.333511,0.415532,0.446011
dl3dv,a4586b2fb2d82cb40320b361f2e103c774b8c088f2ce5256d1f65cc1f255af71,316,0.411940,0.482941,0.536105,0.562526,0.581474,0.422526,0.476421,0.390000,0.422947,0.471526
dl3dv,a464b0f6c6c9d7f40d63f0be4bc6d3975ebeec67a2cefd8aa5e1935068af4ca3,367,0.305646,0.321521,0.388733,0.419683,0.482715,0.230000,0.242760,0.230000,0.264389,0.313891
dl3dv,a47407e5b03b37847e34ec959a45962c3fd472e42d892b6f282e9b859925870e,329,0.223240,0.228417,0.233568,0.258894,0.312362,0.145477,0.220804,0.214925,0.211307,0.230000
dl3dv,a48925bc8ab540cb8c3875177f6c472077278235d5d8a64b8fd0a6f953347fff,335,0.403544,0.460908,0.480597,0.493085,0.530597,0.435075,0.476119,0.423582,0.415224,0.432985
dl3dv,a4e3a36e5afc4bf81d9a65713bfc5e1ae4f9e376276205e5e5e12d1e61b26b53,337,0.277096,0.263676,0.294680,0.318522,0.412217,0.159852,0.230000,0.230000,0.230000,0.234138
dl3dv,a50e9398db3411e1d8c75e7316ff7ba840c876d07a71db860eb5f6bb44117ca4,355,0.293566,0.284988,0.360047,0.345305,0.459624,0.177277,0.230000,0.230000,0.232113,0.245540
dl3dv,a526a1359c515840e2e85abcd28d227405558ce8b0a2fabee25fea95f041a068,356,0.427036,0.478318,0.535047,0.552570,0.637383,0.389720,0.449673,0.377897,0.432150,0.452103
dl3dv,a53c6bb6979d42bb15ba9760b575ef1c00320658e01e7f622a15a1d1d6704cd5,308,0.377831,0.428185,0.463011,0.463978,0.494677,0.378280,0.453280,0.373602,0.370269,0.428387
dl3dv,a53ef204e1cdbe20f76a1694f724ddb1fa1085c8f95c5c2105a486b5bd51a153,366,0.279444,0.263761,0.286955,0.327591,0.400727,0.167727,0.230000,0.230000,0.230000,0.237091
dl3dv,a54a280853ad7f4c98156a30d1864ee905b9b23081329856bab07936a34f29e4,357,0.446850,0.547105,0.640233,0.644698,0.650000,0.436884,0.584512,0.438837,0.467628,0.514047
dl3dv,a55c3e17bd80c17f54eea2d88fdff2d1e148960ab6be103e0d73fc3e132a5060,315,0.447090,0.537890,0.610741,0.619735,0.612751,0.488942,0.534815,0.435026,0.472698,0.528413
dl3dv,a583f411b3708f488e7037d730016c0d07828adda2d417d2252e672bf88a3866,302,0.337210,0.384547,0.424835,0.481319,0.433846,0.305165,0.389121,0.348516,0.331593,0.361978
dl3dv,a5990112ca15e5356c47cdbc12a4df8395a3084fcbe46ea340f300a77237139a,331,0.277567,0.261482,0.265980,0.289447,0.435075,0.181357,0.230000,0.230000,0.230000,0.230000
dl3dv,a5b3aea49eb71d49766dc4d20fd9f6f6fe6ebec3753ce571762cc1bd8f40fbb3,358,0.512643,0.654809,0.708056,0.705093,0.740833,0.650000,0.650000,0.499537,0.634954,0.650000
dl3dv,a6016a5649874d41c28f6ef3d2c0ab5b99c05e1cc61ba5bf71848e80cac4227c,381,0.290154,0.260693,0.258035,0.303712,0.370131,0.230000,0.230000,0.230000,0.230000,0.233668
dl3dv,a602e1418d1697b23050078e1a4bb5b62be2eb6a74c4976d948465311559bf5b,307,0.313212,0.336453,0.422432,0.420000,0.517946,0.223514,0.279946,0.230000,0.268000,0.329784
dl3dv,a613cfb09b426c344f0fbe4f04a1aa18ec53db92d5985e6d61d3d4307f5b3ca4,310,0.340288,0.378992,0.424301,0.443011,0.451667,0.342043,0.357043,0.280323,0.342581,0.390968
dl3dv,a621748d87a0d91f58a6c3e3976777fba9a94cc16967c5c4d4ea220d7662dd34,338,0.448165,0.542004,0.576225,0.624412,0.615196,0.543137,0.581373,0.452745,0.454559,0.488382
dl3dv,a65598511b1111004cb5e41f17bd8e5a612e221385d7ceaf5ca9017b376f818a,312,0.298324,0.318644,0.364574,0.397447,0.417234,0.233245,0.276596,0.258245,0.281383,0.320426
dl3dv,a67d6e2428ea0d477402adb714cab4cd2c22dd2a7e1029b7a88d816a6964d1bb,365,0.255851,0.248156,0.236712,0.252055,0.385434,0.190548,0.230000,0.230000,0.230502,0.230000
dl3dv,a69ab060143245725aefaba72d9d27d7765f12ced62f55af5a30342a83c35b2a,403,0.276213,0.281759,0.308601,0.344362,0.437407,0.212881,0.230000,0.230000,0.230000,0.260823
dl3dv,a6b7f1259c678e7b119bd52ae78656d5e77491ef060778ad61ff03e718e82f24,308,0.257341,0.260316,0.277043,0.343333,0.329355,0.187043,0.225269,0.242097,0.232366,0.246022
dl3dv,a6be7105d4f62b1d0282971bc6da9e36e3f2416c05fc046a8b0fa4fc42570f9c,392,0.339283,0.320228,0.351398,0.400042,0.434958,0.337542,0.250975,0.233051,0.259534,0.294322
dl3dv,a6c3d1408437e10b523bf77f07519896c17ad65260ba245ad42c236b1e5feecc,340,0.306396,0.300239,0.355588,0.407157,0.420000,0.230000,0.238873,0.230000,0.233775,0.286520
dl3dv,a70dd3e8a0a82b87abebff07a7837b8fb75b7af2058e08f444c0eb284f2a535a,341,0.367744,0.404085,0.439902,0.440293,0.568000,0.307171,0.390098,0.303756,0.357854,0.425610
dl3dv,a7136d7303854a86817740f88d0a908d80f6930f9f7160fc26d2f38fc94c28d9,317,0.229335,0.211721,0.227277,0.239319,0.258220,0.142356,0.206754,0.194188,0.197539,0.228115
dl3dv,a724e973f8f43e16674787cb64da51be94b121278b6d9fdf4772f60d937c6595,361,0.330391,0.375104,0.421935,0.423871,0.459309,0.288940,0.385484,0.306728,0.338986,0.375576
dl3dv,a734c924f8bad10cf673a00ee6ac5ff4e54897e2b41842d8ab4bc9189ecbe0f1,423,0.257403,0.242422,0.233137,0.256471,0.315333,0.214431,0.230000,0.230000,0.230000,0.230000
dl3dv,a736d82636f9ffad0eea2d43c91c0b9ab5b023fc7b131ac66ad9728df0b89c40,396,0.298456,0.280331,0.311303,0.389160,0.392941,0.218782,0.230000,0.230000,0.230000,0.240462
dl3dv,a750134923b8a7dea3c23b44ffd4b0351a27a664f025a6d324b003c04d4e171f,404,0.381389,0.385261,0.442623,0.475369,0.535123,0.290697,0.352541,0.262459,0.332336,0.390943
dl3dv,a763c08ed9f5d51885248e0e406aeda9a73c203d4ba436c8ea5d8990422863af,385,0.389173,0.443306,0.477489,0.504935,0.523030,0.422641,0.424762,0.372814,0.392857,0.427922
dl3dv,a7698c071bbb18d27551d1d6c1852b0e3baa7357727edbb78dfe76dc9f02af80,327,0.255160,0.242253,0.235330,0.256244,0.385685,0.157513,0.230000,0.227259,0.215990,0.230000
dl3dv,a77b36c59848fd00dd56bb9ff7631f29bc1d7a6db4fbe687fd28434b5c5faa50,412,0.344691,0.327525,0.359315,0.399798,0.426532,0.349274,0.265806,0.244879,0.270282,0.304315
dl3dv,a7968ff645702f323098f5aff5758c38f9e2ee938d2ede2ab8d62c27d9ddf546,312,0.283984,0.295552,0.336489,0.375957,0.412660,0.230000,0.251064,0.230479,0.242500,0.285266
dl3dv,a79a53e3dfdf60ccae888869bb5993270747dd9cdcfa1e59a063ee860dc4624c,336,0.261635,0.249449,0.254604,0.290495,0.316782,0.216337,0.229802,0.230000,0.227030,0.230545
dl3dv,a7a02897b0b82a8b7ed7ae1bf307bd184201ef590fdbef89b64c200f7c8d26ed,387,0.606307,0.773391,0.850000,0.838841,0.850000,0.750000,0.759871,0.650000,0.738412,0.750000
dl3dv,a7b80d12ea9b47f1dc6158e5bdab64fdbe48429996ccecf01f00488d44753427,363,0.338184,0.335034,0.383699,0.420822,0.445251,0.247260,0.303790,0.264110,0.274292,0.341050
dl3dv,a7c8375efe06364f33d75d17f505d67901d4315b0597caa460461a7e772e67d8,326,0.239511,0.233048,0.251888,0.281327,0.278878,0.173265,0.215561,0.218061,0.206633,0.238776
dl3dv,a82da99d2e81b8e0cee8f20ff6defe88d1b5d872c93d150c86aab20c476b345d,321,0.446506,0.542791,0.612953,0.622383,0.612383,0.431813,0.597254,0.467358,0.475648,0.522539
dl3dv,a833e74ab82f57ed5511bba545ecc6fd222b32484efc6016b6f48f246847e5e5,312,0.294973,0.342001,0.396117,0.420319,0.438670,0.230000,0.284894,0.339149,0.289840,0.337021
dl3dv,a847ddc546f6dc45559c02015c83c576ee4138528028e837f733b68aa16df1db,389,0.305107,0.306734,0.366511,0.386255,0.395404,0.230000,0.266213,0.243787,0.268511,0.297191
dl3dv,a84f72e0c8dfe98bea12c502d56ca4affb3d520f0166400a9f26d365ff0ca989,333,0.279428,0.281455,0.314527,0.359303,0.409900,0.230000,0.233433,0.230000,0.230000,0.244478
dl3dv,a8756d56c7c06c9a4792e4150e9ede53790e78c507335fc15ba9ebef11a6cfdc,337,0.324044,0.350271,0.382562,0.400640,0.406897,0.368522,0.353005,0.265468,0.278966,0.346108
dl3dv,a88962aee5eb7dfd0ff07270d0380cea783a59eb1b88923215ce64f90e115f04,329,0.421314,0.537663,0.614724,0.643216,0.624020,0.360251,0.526382,0.476935,0.513668,0.542111
dl3dv,a8a3f33cff42071087e9ecc7c223ffd8bf1061c3f67544041eeea3dba7b36bc4,305,0.496686,0.590348,0.650000,0.650000,0.670656,0.444754,0.650765,0.492678,0.550656,0.613279
dl3dv,a8a77dfd87b01b2376cb77869692ab432bd83f4ca8bb735742c25d9bef2670fa,318,0.306182,0.322572,0.375521,0.397917,0.421719,0.234219,0.341823,0.233750,0.261927,0.313698
dl3dv,a8bb155bab889d8b0a2f62977dfbe3388ea2226849f42e809522f97d9893688b,334,0.287662,0.275241,0.312178,0.321436,0.430347,0.199752,0.236634,0.230000,0.230198,0.241386
dl3dv,a8c6eebc7bf0ee4d6fb7170281ef698711083bbf13de16062a4f0c6c056f02d9,316,0.239588,0.227191,0.230105,0.238316,0.263579,0.194579,0.227947,0.223158,0.210000,0.229842
dl3dv,a8c86899c1e8c39d79dfb330d0ef69cb4514efc2d796efb7d865d387db9d95fa,336,0.261321,0.245483,0.265743,0.288317,0.339802,0.150000,0.230000,0.230000,0.230000,0.230000
dl3dv,a8d25e809e379cfc2b7c84eeac63debbc78b0127657cdf029e2ec47bb7220554,380,0.547799,0.664501,0.709298,0.709561,0.739912,0.692105,0.682895,0.549912,0.584474,0.647851
dl3dv,a8d33e1e25c81ac072bd1d810738bbff5dab494bb3c8a45010dc7e537e9354e7,306,0.363557,0.410530,0.444022,0.476522,0.470217,0.346576,0.404185,0.336413,0.386304,0.420000
dl3dv,a8d8254abe24175357dffb0717616b961b820006fbfe03b4db798520b0c810e0,318,0.406543,0.465970,0.523906,0.545625,0.644167,0.379896,0.425990,0.349323,0.413594,0.445260
dl3dv,a8ed3f6301d9df10e5e58adffcbed493fe5697deb485f4649085edce7ac534b6,306,0.335627,0.366406,0.422174,0.423750,0.473587,0.266685,0.344674,0.275489,0.338478,0.386413
dl3dv,a8f5ff75fd691bf3ece7f699d15b6d2721291361a531128fc8b769d1d4338eb2,407,0.255864,0.233230,0.236612,0.254490,0.292612,0.202000,0.216898,0.219878,0.213347,0.230000
dl3dv,a906e7f5e47dbe48c69f010c0c23e1984bdce39b75aca84d2393e0cfc9279be6,324,0.391277,0.474152,0.527041,0.544133,0.620408,0.349847,0.499643,0.387908,0.420000,0.444235
dl3dv,a9493336fbb9c4a3c89544975559f7d80bfd9136df5dc1cc1a37cd970819a79f,319,0.479024,0.537345,0.638964,0.645337,0.653990,0.481969,0.470622,0.423575,0.460674,0.523627
dl3dv,a953ae3e5aad010cf793eae0a0c4b039ef58df9be821cc2851a205ab694bfddd,304,0.325582,0.364280,0.420000,0.426576,0.474130,0.238315,0.323043,0.316902,0.328804,0.386467
dl3dv,a9583bfeb2125da0184286a12c0b86842f4b6e69ec2dd81a8fe3fe73621a84d7,304,0.340495,0.368886,0.419837,0.428967,0.488804,0.294185,0.374348,0.296685,0.286522,0.361739
dl3dv,a97233a9ffef37dc2c1a3b577253b338dc100e87688fcc337809940c09d8772c,334,0.383858,0.428218,0.466683,0.480396,0.582921,0.285248,0.436485,0.340495,0.403416,0.430099
dl3dv,a976f54c9a0c886a55c491ade8790bd23c814ebf3665692b7d194b7ead2cf5fb,316,0.221797,0.217493,0.239842,0.256316,0.277158,0.148421,0.195263,0.200947,0.196842,0.225158
dl3dv,a9a1f6ce11cc6acd660545bb6956de596701e005163fbe801a8fa1c7d40c1236,322,0.374180,0.451082,0.488763,0.505464,0.515876,0.412784,0.471392,0.395464,0.389794,0.429124
dl3dv,a9beeea77d1339f75a5a7b6b282ee315d3b92e3e373c8380dddbc29ca23a56e0,348,0.282139,0.285280,0.334857,0.360000,0.430571,0.225286,0.230000,0.230000,0.230000,0.241524
dl3dv,a9dd07805733d67e1d8c3b6a4f402f2a31664d4ff63b47092a70b8eff90a08d6,416,0.273913,0.255575,0.269800,0.289840,0.348160,0.212280,0.230000,0.230000,0.230000,0.234520
dl3dv,a9e58c61d798973ea239b5e289fa206532572a3bb0de4913427ae809909454df,347,0.262852,0.267195,0.291196,0.313923,0.398134,0.204354,0.230000,0.230000,0.230000,0.239952
dl3dv,a9eb6445e3891084436ff4ece0e49f4e85640d91cd734f5bcc60b6ae017d5c31,321,0.495532,0.573620,0.643782,0.647979,0.705907,0.453420,0.588549,0.446995,0.509896,0.592435
dl3dv,a9f1011595e1f906ff4fa671d760c8e80a0097e86262b80b44b48718686f31a9,368,0.408651,0.458615,0.496577,0.511036,0.618514,0.365991,0.445766,0.376171,0.414414,0.440450
dl3dv,a9f2704d5bdc14e08cbd950b2a490057c65cfb9d006f994dbaf12d15aa0f3439,351,0.424374,0.475403,0.539573,0.574882,0.648246,0.342464,0.444787,0.356730,0.425829,0.470711
dl3dv,a9fd4a154b08d8dbf1b873181f3221d2c5a11208ae3774c93ef5903da6a91de9,304,0.416684,0.469993,0.521413,0.558641,0.608696,0.351033,0.446739,0.387663,0.438750,0.447011
dl3dv,aa335ba4703d357bcf9b3552c450e980ebc43a8d55cbcc2c676909bdd38211bb,319,0.398314,0.474644,0.541710,0.590933,0.668238,0.356425,0.445959,0.317202,0.431503,0.445181
dl3dv,aa8ecbfbec703d101a7cc6dc0514ccf1b3b8e440b932463610dfc54e9866427f,440,0.485325,0.587723,0.643182,0.652121,0.679886,0.637500,0.583598,0.440568,0.486553,0.578371
dl3dv,aa910a99227fed216a76ccadcbcfd773749cc274b9f79b797940ff3f60fb65e2,386,0.286832,0.250480,0.239181,0.267328,0.327629,0.249181,0.230000,0.230000,0.230000,0.230517
dl3dv,aab4a14e90757639bf55f95dcca54359ad618f73a8f5526507acd0f9d9c3e408,391,0.281178,0.308851,0.365021,0.380000,0.420213,0.237277,0.272383,0.250298,0.257702,0.287915
dl3dv,aacd0400466c5af9454fe7a26126e0591cfa355aeb93820d81c6033a2eeee4a9,331,0.644357,0.786382,0.836432,0.827889,0.847487,0.734925,0.815829,0.709296,0.738995,0.780201
dl3dv,aad829b8d7f35533b42676318c5b8ece6a53ca30bebcc8d3001bc1342f1c1ef2,327,0.213630,0.198623,0.229848,0.236599,0.245330,0.142792,0.175787,0.158629,0.170000,0.230000
dl3dv,aad97ba714ecfe423c96c4856ce866ed54c44ecc08867b0dce28757f10341253,329,0.301989,0.322494,0.399397,0.415477,0.420000,0.230000,0.287739,0.230000,0.276332,0.321005
dl3dv,aaef04c62dfaf29ea2620e817494e44c1a63efa934523dd96a2619668a281b9f,324,0.427414,0.505536,0.549439,0.570867,0.595255,0.446786,0.562092,0.431020,0.428265,0.460561
dl3dv,aaef3e57ac78a9ec3f8753bc5a7dfea209262066bc82a730a0f7461682fff46d,327,0.385217,0.442582,0.474365,0.518071,0.619036,0.339391,0.421980,0.332183,0.401168,0.434467
dl3dv,aaf028a59de41e864271e07575298ae13fab0931452067e7b4419cc0dfb21232,379,0.320080,0.350409,0.406114,0.418428,0.434367,0.262227,0.316507,0.287380,0.311616,0.366638
dl3dv,ab23945f82e7ede24061a544c2390b19173e100772c05e2ff29ab508173cad07,314,0.472297,0.570947,0.635632,0.637368,0.616316,0.434526,0.619737,0.529684,0.533263,0.561053
dl3dv,ab34a75c526ca6a6a410410a1339071f0c9722d1a493bf6bde7bfcc0204d892c,314,0.314683,0.311954,0.392737,0.402895,0.437158,0.230000,0.274789,0.230000,0.244737,0.283316
dl3dv,ab3e460b25b47631a0565a3bb675f758737f50bad56cd23bba7c7813915998b8,331,0.459105,0.534347,0.585327,0.601407,0.654724,0.499095,0.534322,0.400854,0.469347,0.529698
dl3dv,ab3ec0761978fc389903402992763291142288458d8d34b6ef96c38e85345c89,329,0.328355,0.301093,0.362714,0.416281,0.420000,0.220503,0.234171,0.230000,0.232814,0.292261
dl3dv,ab4ae1323d587d2e3ca8e2ba95fd9be866324c476f21da89767ee07ba0c24b69,320,0.275239,0.276458,0.286250,0.314792,0.454063,0.226927,0.237031,0.230938,0.230677,0.230990
dl3dv,ab4bb01bf1cf746a2215fa32de586abe66d4da3e2a39d48e912ca81d5ef3a836,308,0.424375,0.482527,0.558065,0.578387,0.594194,0.387097,0.486720,0.403118,0.420000,0.432634
dl3dv,ab52f823978cb48a26d3f99f4c39ac5a27e4c2c41fbd60038d0ccfac27b6cf11,409,0.393212,0.441306,0.490243,0.525789,0.558826,0.371822,0.409595,0.353765,0.394332,0.426073
dl3dv,abb29dd07817bf751b38ec21eade3f71ddc86bca55373637eed635f8cdb4f983,323,0.329604,0.358160,0.407179,0.423231,0.452359,0.271077,0.343538,0.283128,0.312513,0.372256
dl3dv,abb7a601b111e9671009c52b637e62febfe80116d5744e7d780c147bc1b422c3,402,0.288504,0.278843,0.335537,0.347397,0.451281,0.171777,0.230000,0.230000,0.230661,0.234091
dl3dv,abc22ea8a12e61f5104489e8e0fc0dd3286d073186c3d72833ecb936bc0df9a5,303,0.396363,0.459467,0.500546,0.566721,0.606503,0.361530,0.427541,0.370273,0.420000,0.422623
dl3dv,abc861fb7ff0de140be6a8a63ca5ec5bf7f592449d63149b004a93495056c5ec,308,0.318170,0.364194,0.416989,0.425968,0.445699,0.249839,0.352742,0.322097,0.314409,0.385806
dl3dv,abd448f46166fd587a0b874e8510a87756172cc3deb8f2dcc6695ac164eb767a,397,0.442332,0.510748,0.589665,0.602594,0.610921,0.429163,0.486151,0.429163,0.447071,0.491255
dl3dv,abd7097aa5a6e8e99471de3cefe325b48c78ad0af33df39464500dcd41987e53,340,0.343424,0.378339,0.428676,0.445931,0.512990,0.234412,0.367059,0.282500,0.354020,0.401127
dl3dv,abdfc47468c86b4a9d77dafa931ddc0dd42b935f90102e39628b3c81e2896578,305,0.269179,0.265362,0.292459,0.324426,0.340984,0.210328,0.238743,0.230000,0.236120,0.249836
dl3dv,abf1a7207d2ab6578cc2ed23fea23a55707e4e323c9f2cdf988186637ea970c8,302,0.341795,0.397150,0.423462,0.434835,0.462527,0.294286,0.394341,0.396923,0.353791,0.417033
dl3dv,ac00be3bf9cb03f7d7f3215bb56abbccd4cc958e4d26f6ca7177b6856304da95,357,0.222164,0.213384,0.230186,0.245349,0.269488,0.164186,0.196047,0.194605,0.182651,0.224558
dl3dv,ac1adc1b8c8be9dac7a7182db71cbd11209d650717f7d261aa752fee0ea5cafa,320,0.401741,0.444323,0.511094,0.543958,0.508698,0.365365,0.416510,0.381458,0.396562,0.430937
dl3dv,ac29e903987fc46c40a07c76e32c75d6b221f319846d5f6d18fa364fca26717e,307,0.354853,0.400655,0.459676,0.487405,0.474541,0.315351,0.360108,0.337622,0.361027,0.409514
dl3dv,ac356aa7f95adfa959fec5d70c17d8d0ec382cb62329a5b20f99dca4f615959e,329,0.333728,0.349937,0.417236,0.422412,0.471809,0.230000,0.301809,0.271608,0.312563,0.372060
dl3dv,ac4b62217edf3a198a3eed575c65d4514031947ac51601b0b93ade7b5cffb9d7,324,0.288026,0.280325,0.302143,0.344898,0.404949,0.225510,0.230510,0.230000,0.233776,0.270816
dl3dv,ac5c313d8ccc241837ebfee117076b987358ab98920bd7ffa1e6b24e9a8d1ad8,347,0.279491,0.289169,0.321340,0.394641,0.381866,0.229713,0.245407,0.247656,0.236029,0.256699
dl3dv,ac73925d46fddc669b388e7603f13f027cb6960434ede557cc56486e724b7bf1,346,0.288437,0.265739,0.268702,0.288846,0.431827,0.216538,0.230000,0.230000,0.230000,0.230000
dl3dv,ac9e283fc15acb8df0cd4d2296788fe4daa5ba3ee98392148821c47c439ee605,406,0.326823,0.318463,0.381557,0.403934,0.441557,0.230000,0.253566,0.235533,0.278934,0.322623
dl3dv,aca63a12ffef9f6ae25f88cebb26ba6077661489e73440d0add16cfcac8723ab,323,0.317628,0.341404,0.382308,0.410564,0.391897,0.257897,0.318462,0.350051,0.295436,0.324615
dl3dv,aca7fe96a572dafd38a7492eb8da7e7a9fbb6b8ef278d633f6f7755011e8f635,415,0.342446,0.318007,0.349759,0.398514,0.428273,0.317871,0.258956,0.237590,0.257028,0.296064
dl3dv,acb21ff9bb117431904a3fcf72399d13c935ec6b160f02d8aba37c04efda4d50,408,0.589838,0.708084,0.748902,0.743415,0.839024,0.617480,0.728049,0.610976,0.674187,0.702642
dl3dv,acb6256d8ef838301999591b6ea84ff69d28e55eb06440f34863795eb0db4391,394,0.275052,0.262537,0.269790,0.302773,0.368487,0.230000,0.230000,0.230000,0.230000,0.239244
dl3dv,acbbb3864413cc90253eef4ec3a1783e787c2f9e7b157c56a5b383d3443922a8,327,0.338976,0.381561,0.437005,0.458832,0.451066,0.291472,0.372538,0.292690,0.342944,0.405939
dl3dv,acc06889cc0bc9378ad504361398fc4b16c7773710bc7607a6f6f255628eeb12,304,0.195618,0.179844,0.202663,0.224891,0.228533,0.140000,0.147228,0.155870,0.149620,0.189946
dl3dv,acef52fdca26ff69eb3557a23a69bf4fa4891688f538c55fbf460330d20efd51,312,0.383236,0.410645,0.438191,0.435053,0.453085,0.347128,0.442872,0.387553,0.373085,0.408191
dl3dv,ad2a4e43fcea11a07fea75280d03134833f0983d4097ef50466e5c42edfc26ba,341,0.531576,0.662396,0.697463,0.714195,0.695415,0.618780,0.654439,0.614390,0.645610,0.658878
dl3dv,ad2f1d292305ca76316604015ceb3405218b859e0bdb235bbf5e7f4988a0f68f,339,0.469242,0.534207,0.650000,0.646488,0.680195,0.420000,0.473220,0.426878,0.471659,0.505220
dl3dv,ad30405183ac7a50e20ca1fb1185dc6a48b5df2813e9a26ad5e82d7f76572c09,376,0.536155,0.637611,0.704248,0.710088,0.736150,0.605752,0.632655,0.480619,0.596283,0.635088
dl3dv,ad372a5a06ae6b07aca7473f4f4a84b059956aa3589445f7e24b3f85455f52f4,379,0.477021,0.549476,0.618734,0.627293,0.655240,0.504629,0.555677,0.446245,0.467817,0.520175
